FileName;Script_Type
btv1b84267835_f325.tif;Caroline
btv1b8452767n_f113.tif;Caroline
btv1b8452767n_f135.tif;Caroline
btv1b8452767n_f154.tif;Caroline
btv1b8452767n_f171.tif;Caroline
btv1b8452767n_f193.tif;Caroline
btv1b8452767n_f20.tif;Caroline
btv1b8452767n_f216.tif;Caroline
btv1b8452767n_f235.tif;Caroline
btv1b8452767n_f257.tif;Caroline
btv1b8452767n_f274.tif;Caroline
btv1b8452767n_f296.tif;Caroline
btv1b8452767n_f39.tif;Caroline
btv1b8452767n_f57.tif;Caroline
btv1b8452767n_f74.tif;Caroline
btv1b8452767n_f94.tif;Caroline
btv1b84921438_f9.tif;Caroline
IRHT_P_000015.tif;Caroline
IRHT_P_000084.tif;Caroline
IRHT_P_000085.tif;Caroline
IRHT_P_000326.tif;Caroline
IRHT_P_000327.tif;Caroline
IRHT_P_000365.tif;Caroline
IRHT_P_000367.tif;Caroline
IRHT_P_000368.tif;Caroline
IRHT_P_000428.tif;Caroline
IRHT_P_000429.tif;Caroline
IRHT_P_000430.tif;Caroline
IRHT_P_000431.tif;Caroline
IRHT_P_000432.tif;Caroline
IRHT_P_000433.tif;Caroline
IRHT_P_000813.tif;Caroline
IRHT_P_000814.tif;Caroline
IRHT_P_000815.tif;Caroline
IRHT_P_000869.tif;Caroline
IRHT_P_000870.tif;Caroline
IRHT_P_000905.tif;Caroline
IRHT_P_000906.tif;Caroline
IRHT_P_000907.tif;Caroline
IRHT_P_001683.tif;Caroline
IRHT_P_001947.tif;Caroline
IRHT_P_001948.tif;Caroline
IRHT_P_001949.tif;Caroline
IRHT_P_001950.tif;Caroline
IRHT_P_001951.tif;Caroline
IRHT_P_001952.tif;Caroline
IRHT_P_001953.tif;Caroline
IRHT_P_001954.tif;Caroline
IRHT_P_001955.tif;Caroline
IRHT_P_001956.tif;Caroline
IRHT_P_001957.tif;Caroline
IRHT_P_001976.tif;Caroline
IRHT_P_001977.tif;Caroline
IRHT_P_001979.tif;Caroline
IRHT_P_001980.tif;Caroline
IRHT_P_001981.tif;Caroline
IRHT_P_001982.tif;Caroline
IRHT_P_001983.tif;Caroline
IRHT_P_001986.tif;Caroline
IRHT_P_001987.tif;Caroline
IRHT_P_001988.tif;Caroline
IRHT_P_001989.tif;Caroline
IRHT_P_002010.tif;Caroline
IRHT_P_002011.tif;Caroline
IRHT_P_002012.tif;Caroline
IRHT_P_002013.tif;Caroline
IRHT_P_002016.tif;Caroline
IRHT_P_002017.tif;Caroline
IRHT_P_002018.tif;Caroline
IRHT_P_002019.tif;Caroline
IRHT_P_002020.tif;Caroline
IRHT_P_002022.tif;Caroline
IRHT_P_002023.tif;Caroline
IRHT_P_002024.tif;Caroline
IRHT_P_002033.tif;Caroline
IRHT_P_002034.tif;Caroline
IRHT_P_002035.tif;Caroline
IRHT_P_002036.tif;Caroline
IRHT_P_002117.tif;Caroline
IRHT_P_002179.tif;Caroline
IRHT_P_002180.tif;Caroline
IRHT_P_002209.tif;Caroline
IRHT_P_002273.tif;Caroline
IRHT_P_002274.tif;Caroline
IRHT_P_002275.tif;Caroline
IRHT_P_002319.tif;Caroline
IRHT_P_002349.tif;Caroline
IRHT_P_002444.tif;Caroline
IRHT_P_002445.tif;Caroline
IRHT_P_002446.tif;Caroline
IRHT_P_002447.tif;Caroline
IRHT_P_002448.tif;Caroline
IRHT_P_002449.tif;Caroline
IRHT_P_002450.tif;Caroline
IRHT_P_002451.tif;Caroline
IRHT_P_002453.tif;Caroline
IRHT_P_002454.tif;Caroline
IRHT_P_002456.tif;Caroline
IRHT_P_002457.tif;Caroline
IRHT_P_002458.tif;Caroline
IRHT_P_002459.tif;Caroline
IRHT_P_002468.tif;Caroline
IRHT_P_002469.tif;Caroline
IRHT_P_002470.tif;Caroline
IRHT_P_002480.tif;Caroline
IRHT_P_002481.tif;Caroline
IRHT_P_002489.tif;Caroline
IRHT_P_002490.tif;Caroline
IRHT_P_002491.tif;Caroline
IRHT_P_002493.tif;Caroline
IRHT_P_002494.tif;Caroline
IRHT_P_002495.tif;Caroline
IRHT_P_002496.tif;Caroline
IRHT_P_002497.tif;Caroline
IRHT_P_002498.tif;Caroline
IRHT_P_002508.tif;Caroline
IRHT_P_002510.tif;Caroline
IRHT_P_002511.tif;Caroline
IRHT_P_002512.tif;Caroline
IRHT_P_002516.tif;Caroline
IRHT_P_002517.tif;Caroline
IRHT_P_004809.tif;Caroline
IRHT_P_005069.tif;Caroline
IRHT_P_005070.tif;Caroline
IRHT_P_005076.tif;Caroline
IRHT_P_005080.tif;Caroline
IRHT_P_005083.tif;Caroline
IRHT_P_005084.tif;Caroline
IRHT_P_005087.tif;Caroline
IRHT_P_005190.tif;Caroline
IRHT_P_005579.tif;Caroline
IRHT_P_005723.tif;Caroline
IRHT_P_005724.tif;Caroline
IRHT_P_005725.tif;Caroline
IRHT_P_005726.tif;Caroline
IRHT_P_005727.tif;Caroline
IRHT_P_006003.tif;Caroline
IRHT_P_006004.tif;Caroline
IRHT_p_006082.tif;Caroline
IRHT_p_006083.tif;Caroline
IRHT_p_006113.tif;Caroline
IRHT_p_006124.tif;Caroline
IRHT_p_006125.tif;Caroline
IRHT_p_006126.tif;Caroline
IRHT_P_006276.tif;Caroline
IRHT_P_006280.tif;Caroline
IRHT_P_006281.tif;Caroline
IRHT_P_006456.tif;Caroline
IRHT_P_006457.tif;Caroline
IRHT_P_006458.tif;Caroline
IRHT_P_006462.tif;Caroline
IRHT_P_006494.tif;Caroline
IRHT_P_006495.tif;Caroline
IRHT_P_006496.tif;Caroline
IRHT_P_006497.tif;Caroline
IRHT_P_006498.tif;Caroline
IRHT_P_006527.tif;Caroline
IRHT_P_006528.tif;Caroline
IRHT_P_006529.tif;Caroline
IRHT_P_006570.tif;Caroline
IRHT_P_007290.tif;Caroline
IRHT_P_007291.tif;Caroline
IRHT_P_007543.tif;Caroline
IRHT_P_007544.tif;Caroline
IRHT_P_008950.tif;Caroline
IRHT_P_008951.tif;Caroline
IRHT_P_000012.tif;Cursiva
IRHT_P_000025.tif;Cursiva
IRHT_P_000026.tif;Cursiva
IRHT_P_000027.tif;Cursiva
IRHT_P_000120.tif;Cursiva
IRHT_P_000130.tif;Cursiva
IRHT_P_000141.tif;Cursiva
IRHT_P_000145.tif;Cursiva
IRHT_P_000146.tif;Cursiva
IRHT_P_000161.tif;Cursiva
IRHT_P_000162.tif;Cursiva
IRHT_P_000163.tif;Cursiva
IRHT_P_000164.tif;Cursiva
IRHT_P_000192.tif;Cursiva
IRHT_P_000198.tif;Cursiva
IRHT_P_000206.tif;Cursiva
IRHT_P_000231.tif;Cursiva
IRHT_P_000232.tif;Cursiva
IRHT_P_000233.tif;Cursiva
IRHT_P_000245.tif;Cursiva
IRHT_P_000251.tif;Cursiva
IRHT_P_000252.tif;Cursiva
IRHT_P_000253.tif;Cursiva
IRHT_P_000255.tif;Cursiva
IRHT_P_000256.tif;Cursiva
IRHT_P_000257.tif;Cursiva
IRHT_P_000259.tif;Cursiva
IRHT_P_000309.tif;Cursiva
IRHT_P_000311.tif;Cursiva
IRHT_P_000312.tif;Cursiva
IRHT_P_000316.tif;Cursiva
IRHT_P_000317.tif;Cursiva
IRHT_P_000329.tif;Cursiva
IRHT_P_000349.tif;Cursiva
IRHT_P_000357.tif;Cursiva
IRHT_P_000393.tif;Cursiva
IRHT_P_000410.tif;Cursiva
IRHT_P_000411.tif;Cursiva
IRHT_P_000412.tif;Cursiva
IRHT_P_000417.tif;Cursiva
IRHT_P_000438.tif;Cursiva
IRHT_P_000439.tif;Cursiva
IRHT_P_000451.tif;Cursiva
IRHT_P_000453.tif;Cursiva
IRHT_P_000456.tif;Cursiva
IRHT_P_000457.tif;Cursiva
IRHT_P_000475.tif;Cursiva
IRHT_P_000478.tif;Cursiva
IRHT_P_000486.tif;Cursiva
IRHT_P_000503.tif;Cursiva
IRHT_P_000504.tif;Cursiva
IRHT_P_000509.tif;Cursiva
IRHT_P_000510.tif;Cursiva
IRHT_P_000517.tif;Cursiva
IRHT_P_000520.tif;Cursiva
IRHT_P_000526.tif;Cursiva
IRHT_P_000527.tif;Cursiva
IRHT_P_000528.tif;Cursiva
IRHT_P_000529.tif;Cursiva
IRHT_P_000530.tif;Cursiva
IRHT_P_000542.tif;Cursiva
IRHT_P_000594.tif;Cursiva
IRHT_P_000595.tif;Cursiva
IRHT_P_000600.tif;Cursiva
IRHT_P_000609.tif;Cursiva
IRHT_P_000613.tif;Cursiva
IRHT_P_000614.tif;Cursiva
IRHT_P_000618.tif;Cursiva
IRHT_P_000621.tif;Cursiva
IRHT_P_000622.tif;Cursiva
IRHT_P_000623.tif;Cursiva
IRHT_P_000625.tif;Cursiva
IRHT_P_000626.tif;Cursiva
IRHT_P_000633.tif;Cursiva
IRHT_P_000634.tif;Cursiva
IRHT_P_000647.tif;Cursiva
IRHT_P_000650.tif;Cursiva
IRHT_P_000651.tif;Cursiva
IRHT_P_000652.tif;Cursiva
IRHT_P_000653.tif;Cursiva
IRHT_P_000654.tif;Cursiva
IRHT_P_000685.tif;Cursiva
IRHT_P_000686.tif;Cursiva
IRHT_P_000687.tif;Cursiva
IRHT_P_000694.tif;Cursiva
IRHT_P_000750.tif;Cursiva
IRHT_P_000821.tif;Cursiva
IRHT_P_000822.tif;Cursiva
IRHT_P_000823.tif;Cursiva
IRHT_P_000824.tif;Cursiva
IRHT_P_000825.tif;Cursiva
IRHT_P_000826.tif;Cursiva
IRHT_P_000827.tif;Cursiva
IRHT_P_001101.tif;Cursiva
IRHT_P_001102.tif;Cursiva
IRHT_P_001106.tif;Cursiva
IRHT_P_001108.tif;Cursiva
IRHT_P_001109.tif;Cursiva
IRHT_P_001110.tif;Cursiva
IRHT_P_001111.tif;Cursiva
IRHT_P_001112.tif;Cursiva
IRHT_P_001113.tif;Cursiva
IRHT_P_001117.tif;Cursiva
IRHT_P_001123.tif;Cursiva
IRHT_P_001124.tif;Cursiva
IRHT_P_001129.tif;Cursiva
IRHT_P_001130.tif;Cursiva
IRHT_P_001131.tif;Cursiva
IRHT_P_001132.tif;Cursiva
IRHT_P_001134.tif;Cursiva
IRHT_P_001135.tif;Cursiva
IRHT_P_001136.tif;Cursiva
IRHT_P_003767.tif;Cursiva
IRHT_P_003770.tif;Cursiva
IRHT_P_003795.tif;Cursiva
IRHT_P_003796.tif;Cursiva
IRHT_P_003798.tif;Cursiva
IRHT_P_003820.tif;Cursiva
IRHT_P_003821.tif;Cursiva
IRHT_P_004032.tif;Cursiva
IRHT_P_004149.tif;Cursiva
IRHT_P_004175.tif;Cursiva
IRHT_P_004194.tif;Cursiva
IRHT_P_004275.tif;Cursiva
IRHT_P_004629.tif;Cursiva
IRHT_P_004786.tif;Cursiva
IRHT_P_004787.tif;Cursiva
IRHT_P_004788.tif;Cursiva
IRHT_P_004789.tif;Cursiva
IRHT_P_004821.tif;Cursiva
IRHT_P_004823.tif;Cursiva
IRHT_P_004824.tif;Cursiva
IRHT_P_004852.tif;Cursiva
IRHT_P_005271.tif;Cursiva
IRHT_P_005443.tif;Cursiva
IRHT_P_005452.tif;Cursiva
IRHT_P_005488.tif;Cursiva
IRHT_P_005644.tif;Cursiva
IRHT_P_005645.tif;Cursiva
IRHT_P_005646.tif;Cursiva
IRHT_P_005647.tif;Cursiva
IRHT_P_005650.tif;Cursiva
IRHT_P_005651.tif;Cursiva
IRHT_P_005652.tif;Cursiva
IRHT_P_005710.tif;Cursiva
IRHT_P_005711.tif;Cursiva
IRHT_P_005717.tif;Cursiva
IRHT_P_005753.tif;Cursiva
IRHT_P_005754.tif;Cursiva
IRHT_P_005918.tif;Cursiva
IRHT_P_005931.tif;Cursiva
IRHT_P_005990.tif;Cursiva
IRHT_P_005991.tif;Cursiva
IRHT_p_006122.tif;Cursiva
IRHT_p_006128.tif;Cursiva
IRHT_p_006129.tif;Cursiva
IRHT_P_006139.tif;Cursiva
IRHT_P_006140.tif;Cursiva
IRHT_P_006143.tif;Cursiva
IRHT_P_006144.tif;Cursiva
IRHT_P_006166.tif;Cursiva
IRHT_P_006252.tif;Cursiva
IRHT_P_006253.tif;Cursiva
IRHT_P_006259.tif;Cursiva
IRHT_P_006260.tif;Cursiva
IRHT_P_006308.tif;Cursiva
btv1b8433302p_f100.tif;Humanistic
IRHT_P_000097.tif;Humanistic
IRHT_P_000098.tif;Humanistic
IRHT_P_000100.tif;Humanistic
IRHT_P_000104.tif;Humanistic
IRHT_P_000188.tif;Humanistic
IRHT_P_000189.tif;Humanistic
IRHT_P_000207.tif;Humanistic
IRHT_P_000215.tif;Humanistic
IRHT_P_000216.tif;Humanistic
IRHT_P_000219.tif;Humanistic
IRHT_P_000225.tif;Humanistic
IRHT_P_000434.tif;Humanistic
IRHT_P_000436.tif;Humanistic
IRHT_P_000481.tif;Humanistic
IRHT_P_000511.tif;Humanistic
IRHT_P_000514.tif;Humanistic
IRHT_P_000518.tif;Humanistic
IRHT_P_000522.tif;Humanistic
IRHT_P_000523.tif;Humanistic
IRHT_P_000598.tif;Humanistic
IRHT_P_000648.tif;Humanistic
IRHT_P_000655.tif;Humanistic
IRHT_P_000656.tif;Humanistic
IRHT_P_000659.tif;Humanistic
IRHT_P_000795.tif;Humanistic
IRHT_P_001932.tif;Humanistic
IRHT_P_002099.tif;Humanistic
IRHT_P_002149.tif;Humanistic
IRHT_P_002161.tif;Humanistic
IRHT_P_002326.tif;Humanistic
IRHT_P_002374.tif;Humanistic
IRHT_P_002375.tif;Humanistic
IRHT_P_002670.tif;Humanistic
IRHT_P_002969.tif;Humanistic
IRHT_P_003058.tif;Humanistic
IRHT_P_003059.tif;Humanistic
IRHT_P_003082.tif;Humanistic
IRHT_P_003682.tif;Humanistic
IRHT_P_004798.tif;Humanistic
IRHT_P_004799.tif;Humanistic
IRHT_P_004859.tif;Humanistic
IRHT_P_004863.tif;Humanistic
IRHT_P_004864.tif;Humanistic
IRHT_P_004866.tif;Humanistic
IRHT_P_004999.tif;Humanistic
IRHT_P_005393.tif;Humanistic
IRHT_P_005409.tif;Humanistic
IRHT_P_005410.tif;Humanistic
IRHT_P_005411.tif;Humanistic
IRHT_P_005413.tif;Humanistic
IRHT_P_005414.tif;Humanistic
IRHT_P_005458.tif;Humanistic
IRHT_P_005485.tif;Humanistic
IRHT_P_005486.tif;Humanistic
IRHT_P_006340.tif;Humanistic
IRHT_P_006341.tif;Humanistic
IRHT_P_006471.tif;Humanistic
IRHT_P_006505.tif;Humanistic
IRHT_P_006506.tif;Humanistic
IRHT_P_006548.tif;Humanistic
IRHT_P_006670.tif;Humanistic
IRHT_P_006701.tif;Humanistic
IRHT_P_006849.tif;Humanistic
IRHT_P_006850.tif;Humanistic
IRHT_P_006891.tif;Humanistic
IRHT_P_006892.tif;Humanistic
IRHT_P_006893.tif;Humanistic
IRHT_P_006894.tif;Humanistic
IRHT_P_006895.tif;Humanistic
IRHT_P_006917.tif;Humanistic
IRHT_P_006918.tif;Humanistic
IRHT_P_006936.tif;Humanistic
IRHT_P_006937.tif;Humanistic
IRHT_P_006987.tif;Humanistic
IRHT_P_007001.tif;Humanistic
IRHT_P_007002.tif;Humanistic
IRHT_P_007011.tif;Humanistic
IRHT_P_007016.tif;Humanistic
IRHT_P_007019.tif;Humanistic
IRHT_P_007028.tif;Humanistic
IRHT_P_007030.tif;Humanistic
IRHT_P_007038.tif;Humanistic
IRHT_P_007039.tif;Humanistic
IRHT_P_007040.tif;Humanistic
IRHT_P_007044.tif;Humanistic
IRHT_P_007045.tif;Humanistic
IRHT_P_007075.tif;Humanistic
IRHT_P_007084.tif;Humanistic
IRHT_P_007086.tif;Humanistic
IRHT_P_007092.tif;Humanistic
IRHT_P_007097.tif;Humanistic
IRHT_P_007098.tif;Humanistic
IRHT_P_007100.tif;Humanistic
IRHT_P_007102.tif;Humanistic
IRHT_P_007103.tif;Humanistic
IRHT_P_007113.tif;Humanistic
IRHT_P_007118.tif;Humanistic
IRHT_P_007119.tif;Humanistic
IRHT_P_007161.tif;Humanistic
IRHT_P_007170.tif;Humanistic
IRHT_P_007191.tif;Humanistic
IRHT_P_007202.tif;Humanistic
IRHT_P_007241.tif;Humanistic
IRHT_P_007260.tif;Humanistic
IRHT_P_007263.tif;Humanistic
IRHT_P_007265.tif;Humanistic
IRHT_P_007313.tif;Humanistic
IRHT_P_007321.tif;Humanistic
IRHT_P_007326.tif;Humanistic
IRHT_P_007328.tif;Humanistic
IRHT_P_007333.tif;Humanistic
IRHT_P_007336.tif;Humanistic
IRHT_P_007339.tif;Humanistic
IRHT_P_007347.tif;Humanistic
IRHT_P_007376.tif;Humanistic
IRHT_P_007379.tif;Humanistic
IRHT_P_007386.tif;Humanistic
IRHT_P_007387.tif;Humanistic
IRHT_P_007388.tif;Humanistic
IRHT_P_007389.tif;Humanistic
IRHT_P_007390.tif;Humanistic
IRHT_P_007391.tif;Humanistic
IRHT_P_007392.tif;Humanistic
IRHT_P_007394.tif;Humanistic
IRHT_P_007408.tif;Humanistic
IRHT_P_007440.tif;Humanistic
IRHT_P_007442.tif;Humanistic
IRHT_P_007444.tif;Humanistic
IRHT_P_007449.tif;Humanistic
IRHT_P_007455.tif;Humanistic
IRHT_P_007456.tif;Humanistic
IRHT_P_007457.tif;Humanistic
IRHT_P_007483.tif;Humanistic
IRHT_P_007485.tif;Humanistic
IRHT_P_007486.tif;Humanistic
IRHT_P_007492.tif;Humanistic
IRHT_P_007493.tif;Humanistic
IRHT_P_007497.tif;Humanistic
IRHT_P_007505.tif;Humanistic
IRHT_P_007528.tif;Humanistic
IRHT_P_007545.tif;Humanistic
IRHT_P_007722.tif;Humanistic
IRHT_P_007723.tif;Humanistic
IRHT_P_007752.tif;Humanistic
IRHT_P_007771.tif;Humanistic
IRHT_P_007781.tif;Humanistic
IRHT_P_007800.tif;Humanistic
IRHT_P_007986.tif;Humanistic
IRHT_P_008935.tif;Humanistic
IRHT_P_008936.tif;Humanistic
IRHT_P_008980.tif;Humanistic
IRHT_P_008999.tif;Humanistic
IRHT_P_009000.tif;Humanistic
IRHT_P_009021.tif;Humanistic
IRHT_P_009067.tif;Humanistic
IRHT_P_009108.tif;Humanistic
IRHT_P_009109.tif;Humanistic
IRHT_P_009762.tif;Humanistic
IRHT_P_009776.tif;Humanistic
IRHT_P_009789.tif;Humanistic
IRHT_P_009797.tif;Humanistic
IRHT_P_009798.tif;Humanistic
IRHT_P_009799.tif;Humanistic
IRHT_P_009801.tif;Humanistic
IRHT_P_009804.tif;Humanistic
IRHT_P_009810.tif;Humanistic
IRHT_P_009811.tif;Humanistic
btv1b105162865_f101.tif;Humanistic_Cursive
btv1b105162865_f110.tif;Humanistic_Cursive
btv1b105162865_f112.tif;Humanistic_Cursive
btv1b105162865_f121.tif;Humanistic_Cursive
btv1b105162865_f130.tif;Humanistic_Cursive
btv1b105162865_f131.tif;Humanistic_Cursive
btv1b105162865_f14.tif;Humanistic_Cursive
btv1b105162865_f142.tif;Humanistic_Cursive
btv1b105162865_f150.tif;Humanistic_Cursive
btv1b105162865_f151.tif;Humanistic_Cursive
btv1b105162865_f161.tif;Humanistic_Cursive
btv1b105162865_f170.tif;Humanistic_Cursive
btv1b105162865_f171.tif;Humanistic_Cursive
btv1b105162865_f182.tif;Humanistic_Cursive
btv1b105162865_f29.tif;Humanistic_Cursive
btv1b105162865_f32.tif;Humanistic_Cursive
btv1b105162865_f41.tif;Humanistic_Cursive
btv1b105162865_f49.tif;Humanistic_Cursive
btv1b105162865_f53.tif;Humanistic_Cursive
btv1b105162865_f61.tif;Humanistic_Cursive
btv1b105162865_f69.tif;Humanistic_Cursive
btv1b105162865_f72.tif;Humanistic_Cursive
btv1b105162865_f82.tif;Humanistic_Cursive
btv1b105162865_f9.tif;Humanistic_Cursive
btv1b105162865_f90.tif;Humanistic_Cursive
btv1b105162865_f92.tif;Humanistic_Cursive
btv1b84267991_f15.tif;Humanistic_Cursive
btv1b84267991_f16.tif;Humanistic_Cursive
btv1b84267991_f17.tif;Humanistic_Cursive
btv1b8433302p_f11.tif;Humanistic_Cursive
btv1b8433302p_f121.tif;Humanistic_Cursive
btv1b8433302p_f131.tif;Humanistic_Cursive
btv1b8433302p_f137.tif;Humanistic_Cursive
btv1b8433302p_f144.tif;Humanistic_Cursive
btv1b8433302p_f151.tif;Humanistic_Cursive
btv1b8433302p_f19.tif;Humanistic_Cursive
btv1b8433302p_f31.tif;Humanistic_Cursive
btv1b8433302p_f38.tif;Humanistic_Cursive
btv1b8433302p_f51.tif;Humanistic_Cursive
btv1b8433302p_f57.tif;Humanistic_Cursive
btv1b8433302p_f71.tif;Humanistic_Cursive
btv1b8433302p_f78.tif;Humanistic_Cursive
IRHT_P_000202.tif;Humanistic_Cursive
IRHT_P_000210.tif;Humanistic_Cursive
IRHT_P_000224.tif;Humanistic_Cursive
IRHT_P_000226.tif;Humanistic_Cursive
IRHT_P_000488.tif;Humanistic_Cursive
IRHT_P_000489.tif;Humanistic_Cursive
IRHT_P_000490.tif;Humanistic_Cursive
IRHT_P_000515.tif;Humanistic_Cursive
IRHT_P_000524.tif;Humanistic_Cursive
IRHT_P_000525.tif;Humanistic_Cursive
IRHT_P_000584.tif;Humanistic_Cursive
IRHT_P_000597.tif;Humanistic_Cursive
IRHT_P_000599.tif;Humanistic_Cursive
IRHT_P_000610.tif;Humanistic_Cursive
IRHT_P_000628.tif;Humanistic_Cursive
IRHT_P_000629.tif;Humanistic_Cursive
IRHT_P_000646.tif;Humanistic_Cursive
IRHT_P_001244.tif;Humanistic_Cursive
IRHT_P_001843.tif;Humanistic_Cursive
IRHT_P_001844.tif;Humanistic_Cursive
IRHT_P_002028.tif;Humanistic_Cursive
IRHT_P_002041.tif;Humanistic_Cursive
IRHT_P_002042.tif;Humanistic_Cursive
IRHT_P_002097.tif;Humanistic_Cursive
IRHT_P_002104.tif;Humanistic_Cursive
IRHT_P_002126.tif;Humanistic_Cursive
IRHT_P_002171.tif;Humanistic_Cursive
IRHT_P_002252.tif;Humanistic_Cursive
IRHT_P_002863.tif;Humanistic_Cursive
IRHT_P_002865.tif;Humanistic_Cursive
IRHT_P_003468.tif;Humanistic_Cursive
IRHT_P_004826.tif;Humanistic_Cursive
IRHT_P_004827.tif;Humanistic_Cursive
IRHT_P_004836.tif;Humanistic_Cursive
IRHT_P_004885.tif;Humanistic_Cursive
IRHT_P_004887.tif;Humanistic_Cursive
IRHT_P_005008.tif;Humanistic_Cursive
IRHT_P_005009.tif;Humanistic_Cursive
IRHT_P_005012.tif;Humanistic_Cursive
IRHT_P_005013.tif;Humanistic_Cursive
IRHT_P_005453.tif;Humanistic_Cursive
IRHT_P_005454.tif;Humanistic_Cursive
IRHT_P_006277.tif;Humanistic_Cursive
IRHT_P_006278.tif;Humanistic_Cursive
IRHT_P_006335.tif;Humanistic_Cursive
IRHT_P_006664.tif;Humanistic_Cursive
IRHT_P_006770.tif;Humanistic_Cursive
IRHT_P_006875.tif;Humanistic_Cursive
IRHT_P_006898.tif;Humanistic_Cursive
IRHT_P_006901.tif;Humanistic_Cursive
IRHT_P_006920.tif;Humanistic_Cursive
IRHT_P_007021.tif;Humanistic_Cursive
IRHT_P_007022.tif;Humanistic_Cursive
IRHT_P_007024.tif;Humanistic_Cursive
IRHT_P_007076.tif;Humanistic_Cursive
IRHT_P_007081.tif;Humanistic_Cursive
IRHT_P_007083.tif;Humanistic_Cursive
IRHT_P_007087.tif;Humanistic_Cursive
IRHT_P_007162.tif;Humanistic_Cursive
IRHT_P_007177.tif;Humanistic_Cursive
IRHT_P_007208.tif;Humanistic_Cursive
IRHT_P_007239.tif;Humanistic_Cursive
IRHT_P_007255.tif;Humanistic_Cursive
IRHT_P_007293.tif;Humanistic_Cursive
IRHT_P_007297.tif;Humanistic_Cursive
IRHT_P_007332.tif;Humanistic_Cursive
IRHT_P_007361.tif;Humanistic_Cursive
IRHT_P_007393.tif;Humanistic_Cursive
IRHT_P_007407.tif;Humanistic_Cursive
IRHT_P_007423.tif;Humanistic_Cursive
IRHT_P_007427.tif;Humanistic_Cursive
IRHT_P_007429.tif;Humanistic_Cursive
IRHT_P_007431.tif;Humanistic_Cursive
IRHT_P_007437.tif;Humanistic_Cursive
IRHT_P_007438.tif;Humanistic_Cursive
IRHT_P_007447.tif;Humanistic_Cursive
IRHT_P_007448.tif;Humanistic_Cursive
IRHT_P_007450.tif;Humanistic_Cursive
IRHT_P_007451.tif;Humanistic_Cursive
IRHT_P_007454.tif;Humanistic_Cursive
IRHT_P_007500.tif;Humanistic_Cursive
IRHT_P_007502.tif;Humanistic_Cursive
IRHT_P_007516.tif;Humanistic_Cursive
IRHT_P_007518.tif;Humanistic_Cursive
IRHT_P_007520.tif;Humanistic_Cursive
IRHT_P_007670.tif;Humanistic_Cursive
IRHT_P_007671.tif;Humanistic_Cursive
IRHT_P_007680.tif;Humanistic_Cursive
IRHT_P_007683.tif;Humanistic_Cursive
IRHT_P_007729.tif;Humanistic_Cursive
IRHT_P_007779.tif;Humanistic_Cursive
IRHT_P_007787.tif;Humanistic_Cursive
IRHT_P_007790.tif;Humanistic_Cursive
IRHT_P_007802.tif;Humanistic_Cursive
IRHT_P_007803.tif;Humanistic_Cursive
IRHT_P_007987.tif;Humanistic_Cursive
IRHT_P_008065.tif;Humanistic_Cursive
IRHT_P_008077.tif;Humanistic_Cursive
IRHT_P_008409.tif;Humanistic_Cursive
IRHT_P_008510.tif;Humanistic_Cursive
IRHT_P_008533.tif;Humanistic_Cursive
IRHT_P_008538.tif;Humanistic_Cursive
IRHT_P_008541.tif;Humanistic_Cursive
IRHT_P_008542.tif;Humanistic_Cursive
IRHT_P_008572.tif;Humanistic_Cursive
IRHT_P_008573.tif;Humanistic_Cursive
IRHT_P_008605.tif;Humanistic_Cursive
IRHT_P_008619.tif;Humanistic_Cursive
IRHT_P_008640.tif;Humanistic_Cursive
IRHT_P_008642.tif;Humanistic_Cursive
IRHT_P_008754.tif;Humanistic_Cursive
IRHT_P_008790.tif;Humanistic_Cursive
IRHT_P_008995.tif;Humanistic_Cursive
IRHT_P_009019.tif;Humanistic_Cursive
IRHT_P_009070.tif;Humanistic_Cursive
IRHT_P_009071.tif;Humanistic_Cursive
IRHT_P_009139.tif;Humanistic_Cursive
IRHT_P_009140.tif;Humanistic_Cursive
IRHT_P_009141.tif;Humanistic_Cursive
IRHT_P_009146.tif;Humanistic_Cursive
IRHT_P_009792.tif;Humanistic_Cursive
IRHT_P_009805.tif;Humanistic_Cursive
IRHT_P_009807.tif;Humanistic_Cursive
IRHT_P_009808.tif;Humanistic_Cursive
IRHT_P_000019.tif;Hybrida
IRHT_P_000069.tif;Hybrida
IRHT_P_000071.tif;Hybrida
IRHT_P_000078.tif;Hybrida
IRHT_P_000083.tif;Hybrida
IRHT_P_000087.tif;Hybrida
IRHT_P_000089.tif;Hybrida
IRHT_P_000115.tif;Hybrida
IRHT_P_000117.tif;Hybrida
IRHT_P_000121.tif;Hybrida
IRHT_P_000122.tif;Hybrida
IRHT_P_000126.tif;Hybrida
IRHT_P_000127.tif;Hybrida
IRHT_P_000133.tif;Hybrida
IRHT_P_000169.tif;Hybrida
IRHT_P_000179.tif;Hybrida
IRHT_P_000193.tif;Hybrida
IRHT_P_000221.tif;Hybrida
IRHT_P_000244.tif;Hybrida
IRHT_P_000330.tif;Hybrida
IRHT_P_000332.tif;Hybrida
IRHT_P_000333.tif;Hybrida
IRHT_P_000378.tif;Hybrida
IRHT_P_000424.tif;Hybrida
IRHT_P_000454.tif;Hybrida
IRHT_P_000508.tif;Hybrida
IRHT_P_000533.tif;Hybrida
IRHT_P_000554.tif;Hybrida
IRHT_P_000555.tif;Hybrida
IRHT_P_000615.tif;Hybrida
IRHT_P_000631.tif;Hybrida
IRHT_P_000632.tif;Hybrida
IRHT_P_000658.tif;Hybrida
IRHT_P_000713.tif;Hybrida
IRHT_P_000751.tif;Hybrida
IRHT_P_000834.tif;Hybrida
IRHT_P_000860.tif;Hybrida
IRHT_P_000864.tif;Hybrida
IRHT_P_000865.tif;Hybrida
IRHT_P_000872.tif;Hybrida
IRHT_P_000873.tif;Hybrida
IRHT_P_000874.tif;Hybrida
IRHT_P_000882.tif;Hybrida
IRHT_P_000883.tif;Hybrida
IRHT_P_000885.tif;Hybrida
IRHT_P_000924.tif;Hybrida
IRHT_P_000925.tif;Hybrida
IRHT_P_000932.tif;Hybrida
IRHT_P_000938.tif;Hybrida
IRHT_P_000939.tif;Hybrida
IRHT_P_000944.tif;Hybrida
IRHT_P_000945.tif;Hybrida
IRHT_P_000957.tif;Hybrida
IRHT_P_000958.tif;Hybrida
IRHT_P_000962.tif;Hybrida
IRHT_P_000979.tif;Hybrida
IRHT_P_000981.tif;Hybrida
IRHT_P_000982.tif;Hybrida
IRHT_P_000983.tif;Hybrida
IRHT_P_000984.tif;Hybrida
IRHT_P_000985.tif;Hybrida
IRHT_P_000986.tif;Hybrida
IRHT_P_000992.tif;Hybrida
IRHT_P_000993.tif;Hybrida
IRHT_P_000995.tif;Hybrida
IRHT_P_000996.tif;Hybrida
IRHT_P_000997.tif;Hybrida
IRHT_P_000998.tif;Hybrida
IRHT_P_001000.tif;Hybrida
IRHT_P_001002.tif;Hybrida
IRHT_P_001003.tif;Hybrida
IRHT_P_001004.tif;Hybrida
IRHT_P_001007.tif;Hybrida
IRHT_P_001008.tif;Hybrida
IRHT_P_001009.tif;Hybrida
IRHT_P_001010.tif;Hybrida
IRHT_P_001012.tif;Hybrida
IRHT_P_001013.tif;Hybrida
IRHT_P_001022.tif;Hybrida
IRHT_P_001025.tif;Hybrida
IRHT_P_001026.tif;Hybrida
IRHT_P_001035.tif;Hybrida
IRHT_P_001036.tif;Hybrida
IRHT_P_001049.tif;Hybrida
IRHT_P_001050.tif;Hybrida
IRHT_P_001062.tif;Hybrida
IRHT_P_001063.tif;Hybrida
IRHT_P_001093.tif;Hybrida
IRHT_P_001122.tif;Hybrida
IRHT_P_001214.tif;Hybrida
IRHT_P_001288.tif;Hybrida
IRHT_P_001801.tif;Hybrida
IRHT_P_001808.tif;Hybrida
IRHT_P_001813.tif;Hybrida
IRHT_P_001826.tif;Hybrida
IRHT_P_001827.tif;Hybrida
IRHT_P_001845.tif;Hybrida
IRHT_P_001846.tif;Hybrida
IRHT_P_001923.tif;Hybrida
IRHT_P_001933.tif;Hybrida
IRHT_P_001935.tif;Hybrida
IRHT_P_001936.tif;Hybrida
IRHT_P_001964.tif;Hybrida
IRHT_P_001965.tif;Hybrida
IRHT_P_001971.tif;Hybrida
IRHT_P_001972.tif;Hybrida
IRHT_P_001973.tif;Hybrida
IRHT_P_002138.tif;Hybrida
IRHT_P_004800.tif;Hybrida
IRHT_P_004801.tif;Hybrida
IRHT_P_004839.tif;Hybrida
IRHT_P_004868.tif;Hybrida
IRHT_P_005197.tif;Hybrida
IRHT_P_005206.tif;Hybrida
IRHT_P_005288.tif;Hybrida
IRHT_P_005295.tif;Hybrida
IRHT_P_005326.tif;Hybrida
IRHT_P_005459.tif;Hybrida
IRHT_P_005460.tif;Hybrida
IRHT_P_005465.tif;Hybrida
IRHT_P_005466.tif;Hybrida
IRHT_P_005592.tif;Hybrida
IRHT_P_005593.tif;Hybrida
IRHT_P_005630.tif;Hybrida
IRHT_P_005631.tif;Hybrida
IRHT_P_005687.tif;Hybrida
IRHT_P_005755.tif;Hybrida
IRHT_P_005922.tif;Hybrida
IRHT_P_005923.tif;Hybrida
IRHT_P_005952.tif;Hybrida
IRHT_P_005953.tif;Hybrida
IRHT_P_005967.tif;Hybrida
IRHT_P_005968.tif;Hybrida
IRHT_P_005984.tif;Hybrida
IRHT_P_005986.tif;Hybrida
IRHT_P_006236.tif;Hybrida
IRHT_P_006237.tif;Hybrida
IRHT_P_006261.tif;Hybrida
IRHT_P_006376.tif;Hybrida
IRHT_P_007210.tif;Hybrida
IRHT_P_008960.tif;Hybrida
IRHT_P_009082.tif;Hybrida
IRHT_P_009083.tif;Hybrida
IRHT_P_009084.tif;Hybrida
IRHT_P_009096.tif;Hybrida
IRHT_P_009097.tif;Hybrida
IRHT_P_009106.tif;Hybrida
IRHT_P_009120.tif;Hybrida
IRHT_P_009121.tif;Hybrida
IRHT_P_009123.tif;Hybrida
IRHT_P_009124.tif;Hybrida
IRHT_P_009125.tif;Hybrida
IRHT_P_009132.tif;Hybrida
IRHT_P_009133.tif;Hybrida
IRHT_P_009135.tif;Hybrida
IRHT_P_009145.tif;Hybrida
IRHT_P_009165.tif;Hybrida
IRHT_P_009211.tif;Hybrida
IRHT_P_009221.tif;Hybrida
IRHT_P_009253.tif;Hybrida
IRHT_P_009268.tif;Hybrida
IRHT_P_009279.tif;Hybrida
IRHT_P_009353.tif;Hybrida
IRHT_P_009370.tif;Hybrida
IRHT_P_009404.tif;Hybrida
IRHT_P_009414.tif;Hybrida
IRHT_P_009809.tif;Hybrida
btv1b10510447n_f107.tif;Uncial
btv1b10510447n_f117.tif;Uncial
btv1b10510447n_f13.tif;Uncial
btv1b10510447n_f130.tif;Uncial
btv1b10510447n_f147.tif;Uncial
btv1b10510447n_f156.tif;Uncial
btv1b10510447n_f176.tif;Uncial
btv1b10510447n_f189.tif;Uncial
btv1b10510447n_f197.tif;Uncial
btv1b10510447n_f210.tif;Uncial
btv1b10510447n_f229.tif;Uncial
btv1b10510447n_f23.tif;Uncial
btv1b10510447n_f236.tif;Uncial
btv1b10510447n_f247.tif;Uncial
btv1b10510447n_f255.tif;Uncial
btv1b10510447n_f267.tif;Uncial
btv1b10510447n_f279.tif;Uncial
btv1b10510447n_f288.tif;Uncial
btv1b10510447n_f298.tif;Uncial
btv1b10510447n_f311.tif;Uncial
btv1b10510447n_f322.tif;Uncial
btv1b10510447n_f337.tif;Uncial
btv1b10510447n_f347.tif;Uncial
btv1b10510447n_f357.tif;Uncial
btv1b10510447n_f369.tif;Uncial
btv1b10510447n_f380.tif;Uncial
btv1b10510447n_f396.tif;Uncial
btv1b10510447n_f40.tif;Uncial
btv1b10510447n_f403.tif;Uncial
btv1b10510447n_f413.tif;Uncial
btv1b10510447n_f426.tif;Uncial
btv1b10510447n_f434.tif;Uncial
btv1b10510447n_f447.tif;Uncial
btv1b10510447n_f455.tif;Uncial
btv1b10510447n_f466.tif;Uncial
btv1b10510447n_f474.tif;Uncial
btv1b10510447n_f486.tif;Uncial
btv1b10510447n_f499.tif;Uncial
btv1b10510447n_f509.tif;Uncial
btv1b10510447n_f519.tif;Uncial
btv1b10510447n_f525.tif;Uncial
btv1b10510447n_f56.tif;Uncial
btv1b10510447n_f64.tif;Uncial
btv1b10510447n_f79.tif;Uncial
btv1b10510447n_f83.tif;Uncial
btv1b10510447n_f96.tif;Uncial
btv1b10511002k_f111.tif;Uncial
btv1b10511002k_f121.tif;Uncial
btv1b10511002k_f13.tif;Uncial
btv1b10511002k_f134.tif;Uncial
btv1b10511002k_f157.tif;Uncial
btv1b10511002k_f165.tif;Uncial
btv1b10511002k_f172.tif;Uncial
btv1b10511002k_f186.tif;Uncial
btv1b10511002k_f194.tif;Uncial
btv1b10511002k_f210.tif;Uncial
btv1b10511002k_f219.tif;Uncial
btv1b10511002k_f229.tif;Uncial
btv1b10511002k_f239.tif;Uncial
btv1b10511002k_f24.tif;Uncial
btv1b10511002k_f261.tif;Uncial
btv1b10511002k_f271.tif;Uncial
btv1b10511002k_f287.tif;Uncial
btv1b10511002k_f298.tif;Uncial
btv1b10511002k_f313.tif;Uncial
btv1b10511002k_f320.tif;Uncial
btv1b10511002k_f33.tif;Uncial
btv1b10511002k_f335.tif;Uncial
btv1b10511002k_f357.tif;Uncial
btv1b10511002k_f375.tif;Uncial
btv1b10511002k_f382.tif;Uncial
btv1b10511002k_f44.tif;Uncial
btv1b10511002k_f53.tif;Uncial
btv1b10511002k_f76.tif;Uncial
btv1b10511002k_f97.tif;Uncial
btv1b525030636_f308.tif;Uncial
btv1b525030636_f355.tif;Uncial
btv1b525030636_f366.tif;Uncial
btv1b525030636_f370.tif;Uncial
btv1b525030636_f373.tif;Uncial
btv1b525030636_f377.tif;Uncial
btv1b525030636_f399.tif;Uncial
btv1b525030636_f410.tif;Uncial
btv1b525030636_f433.tif;Uncial
btv1b525030636_f438.tif;Uncial
btv1b525030636_f443.tif;Uncial
btv1b525030636_f447.tif;Uncial
btv1b525030636_f458.tif;Uncial
btv1b525030636_f466.tif;Uncial
btv1b525030636_f468.tif;Uncial
btv1b525030636_f473.tif;Uncial
btv1b525030636_f477.tif;Uncial
btv1b525030636_f481.tif;Uncial
btv1b525030636_f490.tif;Uncial
btv1b60000332_f43.tif;Uncial
btv1b8426782r_f40.tif;Uncial
btv1b84267835_f107.tif;Uncial
btv1b84267835_f113.tif;Uncial
btv1b84267835_f149.tif;Uncial
btv1b84267835_f157.tif;Uncial
btv1b84267835_f16.tif;Uncial
btv1b84267835_f189.tif;Uncial
btv1b84267835_f19.tif;Uncial
btv1b84267835_f197.tif;Uncial
btv1b84267835_f207.tif;Uncial
btv1b84267835_f229.tif;Uncial
btv1b84267835_f233.tif;Uncial
btv1b84267835_f25.tif;Uncial
btv1b84267835_f252.tif;Uncial
btv1b84267835_f253.tif;Uncial
btv1b84267835_f265.tif;Uncial
btv1b84267835_f273.tif;Uncial
btv1b84267835_f290.tif;Uncial
btv1b84267835_f318.tif;Uncial
btv1b84267835_f333.tif;Uncial
btv1b84267835_f34.tif;Uncial
btv1b84267835_f48.tif;Uncial
btv1b84267835_f52.tif;Uncial
btv1b84267835_f69.tif;Uncial
btv1b84267835_f74.tif;Uncial
btv1b84267835_f84.tif;Uncial
btv1b84267835_f97.tif;Uncial
btv1b8470112j_f121.tif;Uncial
btv1b8470112j_f12_1.tif;Uncial
btv1b8470112j_f12_2.tif;Uncial
btv1b8470112j_f136.tif;Uncial
btv1b8470112j_f153_1.tif;Uncial
btv1b8470112j_f153_2.tif;Uncial
btv1b8470112j_f169.tif;Uncial
btv1b8470112j_f177.tif;Uncial
btv1b8470112j_f207.tif;Uncial
btv1b8470112j_f214.tif;Uncial
btv1b8470112j_f237.tif;Uncial
btv1b8470112j_f261.tif;Uncial
btv1b8470112j_f278.tif;Uncial
btv1b8470112j_f29.tif;Uncial
btv1b8470112j_f300.tif;Uncial
btv1b8470112j_f337.tif;Uncial
btv1b8470112j_f349.tif;Uncial
btv1b8470112j_f365.tif;Uncial
btv1b8470112j_f384.tif;Uncial
btv1b8470112j_f393.tif;Uncial
btv1b8470112j_f404.tif;Uncial
btv1b8470112j_f424.tif;Uncial
btv1b8470112j_f443.tif;Uncial
btv1b8470112j_f453.tif;Uncial
btv1b8470112j_f464.tif;Uncial
btv1b8470112j_f489.tif;Uncial
btv1b8470112j_f529.tif;Uncial
btv1b8470112j_f533.tif;Uncial
btv1b8470112j_f55.tif;Uncial
btv1b8470112j_f80.tif;Uncial
btv1b8470112j_f99.tif;Uncial
IRHT_P_000006.tif;Uncial
IRHT_P_000325.tif;Uncial
IRHT_P_000364.tif;Uncial
IRHT_P_002482.tif;Uncial
IRHT_P_003626.tif;Uncial
IRHT_P_004960.tif;Uncial
IRHT_P_004973.tif;Uncial
IRHT_P_004974.tif;Uncial
IRHT_P_004978.tif;Uncial
IRHT_P_004985.tif;Uncial
IRHT_P_005365.tif;Uncial
IRHT_P_005915.tif;Uncial
IRHT_P_007991.tif;Uncial
IRHT_P_007992.tif;Uncial
IRHT_P_000001.tif;Praegothica
IRHT_P_000009.tif;Praegothica
IRHT_P_000017.tif;Praegothica
IRHT_P_000018.tif;Praegothica
IRHT_P_000052.tif;Praegothica
IRHT_P_000070.tif;Praegothica
IRHT_P_000076.tif;Praegothica
IRHT_P_000077.tif;Praegothica
IRHT_P_000080.tif;Praegothica
IRHT_P_000081.tif;Praegothica
IRHT_P_000096.tif;Praegothica
IRHT_P_000230.tif;Praegothica
IRHT_P_000277.tif;Praegothica
IRHT_P_000339.tif;Praegothica
IRHT_P_000369.tif;Praegothica
IRHT_P_000371.tif;Praegothica
IRHT_P_000376.tif;Praegothica
IRHT_P_000380.tif;Praegothica
IRHT_P_000386.tif;Praegothica
IRHT_P_000440.tif;Praegothica
IRHT_P_000546.tif;Praegothica
IRHT_P_000641.tif;Praegothica
IRHT_P_000642.tif;Praegothica
IRHT_P_000661.tif;Praegothica
IRHT_P_000671.tif;Praegothica
IRHT_P_000689.tif;Praegothica
IRHT_P_000701.tif;Praegothica
IRHT_P_000705.tif;Praegothica
IRHT_P_000706.tif;Praegothica
IRHT_P_000707.tif;Praegothica
IRHT_P_000715.tif;Praegothica
IRHT_P_000720.tif;Praegothica
IRHT_P_000721.tif;Praegothica
IRHT_P_000722.tif;Praegothica
IRHT_P_000723.tif;Praegothica
IRHT_P_000725.tif;Praegothica
IRHT_P_000726.tif;Praegothica
IRHT_P_000727.tif;Praegothica
IRHT_P_000728.tif;Praegothica
IRHT_P_000735.tif;Praegothica
IRHT_P_000738.tif;Praegothica
IRHT_P_000740.tif;Praegothica
IRHT_P_000746.tif;Praegothica
IRHT_P_000759.tif;Praegothica
IRHT_P_000760.tif;Praegothica
IRHT_P_000761.tif;Praegothica
IRHT_P_000762.tif;Praegothica
IRHT_P_000763.tif;Praegothica
IRHT_P_000764.tif;Praegothica
IRHT_P_000765.tif;Praegothica
IRHT_P_000767.tif;Praegothica
IRHT_P_000768.tif;Praegothica
IRHT_P_000769.tif;Praegothica
IRHT_P_000948.tif;Praegothica
IRHT_P_000949.tif;Praegothica
IRHT_P_000951.tif;Praegothica
IRHT_P_000952.tif;Praegothica
IRHT_P_001067.tif;Praegothica
IRHT_P_001068.tif;Praegothica
IRHT_P_001140.tif;Praegothica
IRHT_P_001141.tif;Praegothica
IRHT_P_001146.tif;Praegothica
IRHT_P_001147.tif;Praegothica
IRHT_P_001150.tif;Praegothica
IRHT_P_001151.tif;Praegothica
IRHT_P_001152.tif;Praegothica
IRHT_P_001153.tif;Praegothica
IRHT_P_001155.tif;Praegothica
IRHT_P_001158.tif;Praegothica
IRHT_P_001161.tif;Praegothica
IRHT_P_001162.tif;Praegothica
IRHT_P_001168.tif;Praegothica
IRHT_P_001169.tif;Praegothica
IRHT_P_001170.tif;Praegothica
IRHT_P_001171.tif;Praegothica
IRHT_P_001177.tif;Praegothica
IRHT_P_001181.tif;Praegothica
IRHT_P_001182.tif;Praegothica
IRHT_P_001183.tif;Praegothica
IRHT_P_001184.tif;Praegothica
IRHT_P_001185.tif;Praegothica
IRHT_P_001189.tif;Praegothica
IRHT_P_001194.tif;Praegothica
IRHT_P_001195.tif;Praegothica
IRHT_P_001196.tif;Praegothica
IRHT_P_002745.tif;Praegothica
IRHT_P_002844.tif;Praegothica
IRHT_P_002884.tif;Praegothica
IRHT_P_002885.tif;Praegothica
IRHT_P_002897.tif;Praegothica
IRHT_P_002925.tif;Praegothica
IRHT_P_002926.tif;Praegothica
IRHT_P_003841.tif;Praegothica
IRHT_P_003911.tif;Praegothica
IRHT_P_003916.tif;Praegothica
IRHT_P_003949.tif;Praegothica
IRHT_P_003962.tif;Praegothica
IRHT_P_004050.tif;Praegothica
IRHT_P_004090.tif;Praegothica
IRHT_P_004144.tif;Praegothica
IRHT_P_004160.tif;Praegothica
IRHT_P_004182.tif;Praegothica
IRHT_P_004303.tif;Praegothica
IRHT_P_004574.tif;Praegothica
IRHT_P_004641.tif;Praegothica
IRHT_P_004797.tif;Praegothica
IRHT_P_005016.tif;Praegothica
IRHT_P_005019.tif;Praegothica
IRHT_P_005023.tif;Praegothica
IRHT_P_005031.tif;Praegothica
IRHT_P_005226.tif;Praegothica
IRHT_P_005392.tif;Praegothica
IRHT_P_005468.tif;Praegothica
IRHT_P_005469.tif;Praegothica
IRHT_P_005470.tif;Praegothica
IRHT_P_005471.tif;Praegothica
IRHT_P_005489.tif;Praegothica
IRHT_P_005490.tif;Praegothica
IRHT_P_005491.tif;Praegothica
IRHT_P_005589.tif;Praegothica
IRHT_P_005590.tif;Praegothica
IRHT_P_005591.tif;Praegothica
IRHT_P_005612.tif;Praegothica
IRHT_P_005621.tif;Praegothica
IRHT_P_005659.tif;Praegothica
IRHT_P_005660.tif;Praegothica
IRHT_P_005662.tif;Praegothica
IRHT_P_005663.tif;Praegothica
IRHT_P_005664.tif;Praegothica
IRHT_P_005665.tif;Praegothica
IRHT_P_005670.tif;Praegothica
IRHT_P_005671.tif;Praegothica
IRHT_P_005697.tif;Praegothica
IRHT_P_005698.tif;Praegothica
IRHT_P_005888.tif;Praegothica
IRHT_P_005905.tif;Praegothica
IRHT_P_005906.tif;Praegothica
IRHT_P_005917.tif;Praegothica
IRHT_P_005946.tif;Praegothica
IRHT_P_005954.tif;Praegothica
IRHT_P_005962.tif;Praegothica
IRHT_P_005964.tif;Praegothica
IRHT_P_005973.tif;Praegothica
IRHT_P_006000.tif;Praegothica
IRHT_P_006001.tif;Praegothica
IRHT_P_006008.tif;Praegothica
IRHT_P_006014.tif;Praegothica
IRHT_P_006015.tif;Praegothica
IRHT_P_006016.tif;Praegothica
IRHT_P_006020.tif;Praegothica
IRHT_P_006021.tif;Praegothica
IRHT_P_006024.tif;Praegothica
IRHT_P_006025.tif;Praegothica
IRHT_P_006028.tif;Praegothica
IRHT_P_006029.tif;Praegothica
IRHT_P_006048.tif;Praegothica
IRHT_P_006049.tif;Praegothica
IRHT_P_006055.tif;Praegothica
IRHT_P_006056.tif;Praegothica
IRHT_P_006085.tif;Praegothica
IRHT_P_006086.tif;Praegothica
IRHT_P_006087.tif;Praegothica
IRHT_p_006100.tif;Praegothica
IRHT_p_006102.tif;Praegothica
IRHT_p_006103.tif;Praegothica
IRHT_p_006109.tif;Praegothica
IRHT_P_006246.tif;Praegothica
IRHT_P_000024.tif;Southern_Textualis
IRHT_P_000095.tif;Southern_Textualis
IRHT_P_000124.tif;Southern_Textualis
IRHT_P_000140.tif;Southern_Textualis
IRHT_P_000150.tif;Southern_Textualis
IRHT_P_000151.tif;Southern_Textualis
IRHT_P_000405.tif;Southern_Textualis
IRHT_P_000498.tif;Southern_Textualis
IRHT_P_000499.tif;Southern_Textualis
IRHT_P_000569.tif;Southern_Textualis
IRHT_P_000570.tif;Southern_Textualis
IRHT_P_000571.tif;Southern_Textualis
IRHT_P_000574.tif;Southern_Textualis
IRHT_P_000575.tif;Southern_Textualis
IRHT_P_000576.tif;Southern_Textualis
IRHT_P_000577.tif;Southern_Textualis
IRHT_P_000578.tif;Southern_Textualis
IRHT_P_000583.tif;Southern_Textualis
IRHT_P_000605.tif;Southern_Textualis
IRHT_P_000849.tif;Southern_Textualis
IRHT_P_001172.tif;Southern_Textualis
IRHT_P_001175.tif;Southern_Textualis
IRHT_P_001720.tif;Southern_Textualis
IRHT_P_001721.tif;Southern_Textualis
IRHT_P_001798.tif;Southern_Textualis
IRHT_P_001799.tif;Southern_Textualis
IRHT_P_001800.tif;Southern_Textualis
IRHT_P_001834.tif;Southern_Textualis
IRHT_P_001835.tif;Southern_Textualis
IRHT_P_001836.tif;Southern_Textualis
IRHT_P_001945.tif;Southern_Textualis
IRHT_P_001946.tif;Southern_Textualis
IRHT_P_001961.tif;Southern_Textualis
IRHT_P_002083.tif;Southern_Textualis
IRHT_P_002084.tif;Southern_Textualis
IRHT_P_002260.tif;Southern_Textualis
IRHT_P_002262.tif;Southern_Textualis
IRHT_P_002276.tif;Southern_Textualis
IRHT_P_002277.tif;Southern_Textualis
IRHT_P_002424.tif;Southern_Textualis
IRHT_P_002425.tif;Southern_Textualis
IRHT_P_002770.tif;Southern_Textualis
IRHT_P_002780.tif;Southern_Textualis
IRHT_P_002781.tif;Southern_Textualis
IRHT_P_003030.tif;Southern_Textualis
IRHT_P_003031.tif;Southern_Textualis
IRHT_P_003063.tif;Southern_Textualis
IRHT_P_003565.tif;Southern_Textualis
IRHT_P_003566.tif;Southern_Textualis
IRHT_P_003587.tif;Southern_Textualis
IRHT_P_003588.tif;Southern_Textualis
IRHT_P_003589.tif;Southern_Textualis
IRHT_P_003590.tif;Southern_Textualis
IRHT_P_003591.tif;Southern_Textualis
IRHT_P_003606.tif;Southern_Textualis
IRHT_P_003621.tif;Southern_Textualis
IRHT_P_003634.tif;Southern_Textualis
IRHT_P_003637.tif;Southern_Textualis
IRHT_P_003638.tif;Southern_Textualis
IRHT_P_003647.tif;Southern_Textualis
IRHT_P_003648.tif;Southern_Textualis
IRHT_P_003649.tif;Southern_Textualis
IRHT_P_003650.tif;Southern_Textualis
IRHT_P_003664.tif;Southern_Textualis
IRHT_P_003672.tif;Southern_Textualis
IRHT_P_003858.tif;Southern_Textualis
IRHT_P_004813.tif;Southern_Textualis
IRHT_P_004815.tif;Southern_Textualis
IRHT_P_004819.tif;Southern_Textualis
IRHT_P_004900.tif;Southern_Textualis
IRHT_P_004903.tif;Southern_Textualis
IRHT_P_004904.tif;Southern_Textualis
IRHT_P_004905.tif;Southern_Textualis
IRHT_P_004906.tif;Southern_Textualis
IRHT_P_004908.tif;Southern_Textualis
IRHT_P_004909.tif;Southern_Textualis
IRHT_P_004910.tif;Southern_Textualis
IRHT_P_004911.tif;Southern_Textualis
IRHT_P_004916.tif;Southern_Textualis
IRHT_P_005005.tif;Southern_Textualis
IRHT_P_005317.tif;Southern_Textualis
IRHT_P_005318.tif;Southern_Textualis
IRHT_P_005415.tif;Southern_Textualis
IRHT_P_005437.tif;Southern_Textualis
IRHT_P_005438.tif;Southern_Textualis
IRHT_P_005708.tif;Southern_Textualis
IRHT_P_005982.tif;Southern_Textualis
IRHT_P_006007.tif;Southern_Textualis
IRHT_P_006269.tif;Southern_Textualis
IRHT_P_006272.tif;Southern_Textualis
IRHT_P_006302.tif;Southern_Textualis
IRHT_P_006303.tif;Southern_Textualis
IRHT_P_006304.tif;Southern_Textualis
IRHT_P_006305.tif;Southern_Textualis
IRHT_P_006306.tif;Southern_Textualis
IRHT_P_006312.tif;Southern_Textualis
IRHT_P_006321.tif;Southern_Textualis
IRHT_P_006333.tif;Southern_Textualis
IRHT_P_006334.tif;Southern_Textualis
IRHT_P_006342.tif;Southern_Textualis
IRHT_P_006343.tif;Southern_Textualis
IRHT_P_006344.tif;Southern_Textualis
IRHT_P_006350.tif;Southern_Textualis
IRHT_P_006375.tif;Southern_Textualis
IRHT_P_006388.tif;Southern_Textualis
IRHT_P_006540.tif;Southern_Textualis
IRHT_P_006542.tif;Southern_Textualis
IRHT_P_006627.tif;Southern_Textualis
IRHT_P_006803.tif;Southern_Textualis
IRHT_P_006804.tif;Southern_Textualis
IRHT_P_006816.tif;Southern_Textualis
IRHT_P_006855.tif;Southern_Textualis
IRHT_P_006856.tif;Southern_Textualis
IRHT_P_006871.tif;Southern_Textualis
IRHT_P_006888.tif;Southern_Textualis
IRHT_P_006929.tif;Southern_Textualis
IRHT_P_006943.tif;Southern_Textualis
IRHT_P_006947.tif;Southern_Textualis
IRHT_P_006975.tif;Southern_Textualis
IRHT_P_007023.tif;Southern_Textualis
IRHT_P_007031.tif;Southern_Textualis
IRHT_P_007032.tif;Southern_Textualis
IRHT_P_007052.tif;Southern_Textualis
IRHT_P_007058.tif;Southern_Textualis
IRHT_P_007059.tif;Southern_Textualis
IRHT_P_007107.tif;Southern_Textualis
IRHT_P_007108.tif;Southern_Textualis
IRHT_P_007126.tif;Southern_Textualis
IRHT_P_007139.tif;Southern_Textualis
IRHT_P_007140.tif;Southern_Textualis
IRHT_P_007152.tif;Southern_Textualis
IRHT_P_007153.tif;Southern_Textualis
IRHT_P_007158.tif;Southern_Textualis
IRHT_P_007363.tif;Southern_Textualis
IRHT_P_007364.tif;Southern_Textualis
IRHT_P_007365.tif;Southern_Textualis
IRHT_P_007368.tif;Southern_Textualis
IRHT_P_007378.tif;Southern_Textualis
IRHT_P_007541.tif;Southern_Textualis
IRHT_P_007710.tif;Southern_Textualis
IRHT_P_008006.tif;Southern_Textualis
IRHT_P_008101.tif;Southern_Textualis
IRHT_P_008106.tif;Southern_Textualis
IRHT_P_008438.tif;Southern_Textualis
IRHT_P_008439.tif;Southern_Textualis
IRHT_P_008656.tif;Southern_Textualis
IRHT_P_008673.tif;Southern_Textualis
IRHT_P_008701.tif;Southern_Textualis
IRHT_P_008703.tif;Southern_Textualis
IRHT_P_008803.tif;Southern_Textualis
IRHT_P_008822.tif;Southern_Textualis
IRHT_P_008823.tif;Southern_Textualis
IRHT_P_008975.tif;Southern_Textualis
IRHT_P_008976.tif;Southern_Textualis
IRHT_P_008977.tif;Southern_Textualis
IRHT_P_009003.tif;Southern_Textualis
IRHT_P_009136.tif;Southern_Textualis
IRHT_P_009138.tif;Southern_Textualis
IRHT_P_009266.tif;Southern_Textualis
IRHT_P_009746.tif;Southern_Textualis
IRHT_P_009748.tif;Southern_Textualis
IRHT_P_009749.tif;Southern_Textualis
IRHT_P_009753.tif;Southern_Textualis
IRHT_P_009755.tif;Southern_Textualis
IRHT_P_009772.tif;Southern_Textualis
IRHT_P_009782.tif;Southern_Textualis
btv1b10308906b_f11.tif;Half_uncial
btv1b10308906b_f19.tif;Half_uncial
btv1b10308906b_f29.tif;Half_uncial
btv1b10308906b_f39.tif;Half_uncial
btv1b10308906b_f49.tif;Half_uncial
btv1b10308906b_f59.tif;Half_uncial
btv1b10308906b_f69.tif;Half_uncial
btv1b10308906b_f79.tif;Half_uncial
btv1b10308906b_f89.tif;Half_uncial
btv1b10308906b_f92.tif;Half_uncial
btv1b10515412w_f116.tif;Half_uncial
btv1b10515412w_f126.tif;Half_uncial
btv1b10515412w_f165.tif;Half_uncial
btv1b10515412w_f84.tif;Half_uncial
btv1b105154280_f118.tif;Half_uncial
btv1b105154280_f140.tif;Half_uncial
btv1b105154280_f160.tif;Half_uncial
btv1b105154280_f18.tif;Half_uncial
btv1b105154280_f180.tif;Half_uncial
btv1b105154280_f200.tif;Half_uncial
btv1b105154280_f220.tif;Half_uncial
btv1b105154280_f240.tif;Half_uncial
btv1b105154280_f260.tif;Half_uncial
btv1b105154280_f280.tif;Half_uncial
btv1b105154280_f300.tif;Half_uncial
btv1b105154280_f320.tif;Half_uncial
btv1b105154280_f340.tif;Half_uncial
btv1b105154280_f360.tif;Half_uncial
btv1b105154280_f38.tif;Half_uncial
btv1b105154280_f380.tif;Half_uncial
btv1b105154280_f400.tif;Half_uncial
btv1b105154280_f58.tif;Half_uncial
btv1b105154280_f78.tif;Half_uncial
btv1b105154280_f98.tif;Half_uncial
btv1b525030636_f109.tif;Half_uncial
btv1b525030636_f113.tif;Half_uncial
btv1b525030636_f134.tif;Half_uncial
btv1b525030636_f140.tif;Half_uncial
btv1b525030636_f151.tif;Half_uncial
btv1b525030636_f158.tif;Half_uncial
btv1b525030636_f167.tif;Half_uncial
btv1b525030636_f182.tif;Half_uncial
btv1b525030636_f187.tif;Half_uncial
btv1b525030636_f202.tif;Half_uncial
btv1b525030636_f207.tif;Half_uncial
btv1b525030636_f214.tif;Half_uncial
btv1b525030636_f231.tif;Half_uncial
btv1b525030636_f239.tif;Half_uncial
btv1b525030636_f251.tif;Half_uncial
btv1b525030636_f265.tif;Half_uncial
btv1b525030636_f276.tif;Half_uncial
btv1b525030636_f280.tif;Half_uncial
btv1b525030636_f29.tif;Half_uncial
btv1b525030636_f291.tif;Half_uncial
btv1b525030636_f302.tif;Half_uncial
btv1b525030636_f317.tif;Half_uncial
btv1b525030636_f32.tif;Half_uncial
btv1b525030636_f324.tif;Half_uncial
btv1b525030636_f329.tif;Half_uncial
btv1b525030636_f336.tif;Half_uncial
btv1b525030636_f344.tif;Half_uncial
btv1b525030636_f348.tif;Half_uncial
btv1b525030636_f354.tif;Half_uncial
btv1b525030636_f37.tif;Half_uncial
btv1b525030636_f386.tif;Half_uncial
btv1b525030636_f387.tif;Half_uncial
btv1b525030636_f389.tif;Half_uncial
btv1b525030636_f419.tif;Half_uncial
btv1b525030636_f422.tif;Half_uncial
btv1b525030636_f47.tif;Half_uncial
btv1b525030636_f57.tif;Half_uncial
btv1b525030636_f68.tif;Half_uncial
btv1b525030636_f77.tif;Half_uncial
btv1b525030636_f88.tif;Half_uncial
btv1b525030636_f96.tif;Half_uncial
btv1b8451637v_f18.tif;Half_uncial
btv1b8451637v_f19.tif;Half_uncial
btv1b8451637v_f20.tif;Half_uncial
btv1b8451637v_f21.tif;Half_uncial
btv1b8451637v_f22.tif;Half_uncial
btv1b8451637v_f23.tif;Half_uncial
btv1b8451637v_f25.tif;Half_uncial
btv1b8451637v_f29.tif;Half_uncial
btv1b8451637v_f31.tif;Half_uncial
btv1b84559359_f101.tif;Half_uncial
btv1b84559359_f109.tif;Half_uncial
btv1b84559359_f114.tif;Half_uncial
btv1b84559359_f119.tif;Half_uncial
btv1b84559359_f128.tif;Half_uncial
btv1b84559359_f131.tif;Half_uncial
btv1b84559359_f136.tif;Half_uncial
btv1b84559359_f144.tif;Half_uncial
btv1b84559359_f147.tif;Half_uncial
btv1b84559359_f149.tif;Half_uncial
btv1b84559359_f157.tif;Half_uncial
btv1b84559359_f16.tif;Half_uncial
btv1b84559359_f160.tif;Half_uncial
btv1b84559359_f163.tif;Half_uncial
btv1b84559359_f166.tif;Half_uncial
btv1b84559359_f169.tif;Half_uncial
btv1b84559359_f175.tif;Half_uncial
btv1b84559359_f180.tif;Half_uncial
btv1b84559359_f184.tif;Half_uncial
btv1b84559359_f192.tif;Half_uncial
btv1b84559359_f198.tif;Half_uncial
btv1b84559359_f207.tif;Half_uncial
btv1b84559359_f211.tif;Half_uncial
btv1b84559359_f220.tif;Half_uncial
btv1b84559359_f222.tif;Half_uncial
btv1b84559359_f227.tif;Half_uncial
btv1b84559359_f229.tif;Half_uncial
btv1b84559359_f234.tif;Half_uncial
btv1b84559359_f240.tif;Half_uncial
btv1b84559359_f245.tif;Half_uncial
btv1b84559359_f251.tif;Half_uncial
btv1b84559359_f254.tif;Half_uncial
btv1b84559359_f259.tif;Half_uncial
btv1b84559359_f268.tif;Half_uncial
btv1b84559359_f274.tif;Half_uncial
btv1b84559359_f281.tif;Half_uncial
btv1b84559359_f287.tif;Half_uncial
btv1b84559359_f29.tif;Half_uncial
btv1b84559359_f292.tif;Half_uncial
btv1b84559359_f39.tif;Half_uncial
btv1b84559359_f44.tif;Half_uncial
btv1b84559359_f52.tif;Half_uncial
btv1b84559359_f59.tif;Half_uncial
btv1b84559359_f65.tif;Half_uncial
btv1b84559359_f70.tif;Half_uncial
btv1b84559359_f73.tif;Half_uncial
btv1b84559359_f76.tif;Half_uncial
btv1b84559359_f87.tif;Half_uncial
btv1b84559359_f90.tif;Half_uncial
btv1b84559359_f97.tif;Half_uncial
btv1b84900617_f111.tif;Half_uncial
btv1b84900617_f143.tif;Half_uncial
btv1b84900617_f168.tif;Half_uncial
btv1b84900617_f51.tif;Half_uncial
btv1b8594599w_f11.tif;Half_uncial
btv1b8594599w_f117.tif;Half_uncial
btv1b8594599w_f133.tif;Half_uncial
btv1b8594599w_f151.tif;Half_uncial
btv1b8594599w_f167.tif;Half_uncial
btv1b8594599w_f181.tif;Half_uncial
btv1b8594599w_f32.tif;Half_uncial
btv1b8594599w_f51.tif;Half_uncial
btv1b8594599w_f71.tif;Half_uncial
btv1b8594599w_f91.tif;Half_uncial
IRHT_P_000427.tif;Half_uncial
IRHT_P_001694.tif;Half_uncial
IRHT_P_001695.tif;Half_uncial
IRHT_P_001696.tif;Half_uncial
IRHT_P_002014.tif;Half_uncial
IRHT_P_002015.tif;Half_uncial
IRHT_P_002507.tif;Half_uncial
IRHT_P_002509.tif;Half_uncial
IRHT_P_004959.tif;Half_uncial
IRHT_P_004961.tif;Half_uncial
IRHT_P_004971.tif;Half_uncial
IRHT_P_004975.tif;Half_uncial
IRHT_P_004983.tif;Half_uncial
IRHT_P_004986.tif;Half_uncial
IRHT_P_005399.tif;Half_uncial
IRHT_P_006279.tif;Half_uncial
IRHT_P_006880.tif;Half_uncial
IRHT_P_007295.tif;Half_uncial
IRHT_P_007756.tif;Half_uncial
IRHT_P_000020.tif;Semihybrida
IRHT_P_000074.tif;Semihybrida
IRHT_P_000088.tif;Semihybrida
IRHT_P_000105.tif;Semihybrida
IRHT_P_000107.tif;Semihybrida
IRHT_P_000119.tif;Semihybrida
IRHT_P_000123.tif;Semihybrida
IRHT_P_000181.tif;Semihybrida
IRHT_P_000184.tif;Semihybrida
IRHT_P_000185.tif;Semihybrida
IRHT_P_000262.tif;Semihybrida
IRHT_P_000331.tif;Semihybrida
IRHT_P_000394.tif;Semihybrida
IRHT_P_000447.tif;Semihybrida
IRHT_P_000448.tif;Semihybrida
IRHT_P_000449.tif;Semihybrida
IRHT_P_000450.tif;Semihybrida
IRHT_P_000452.tif;Semihybrida
IRHT_P_000463.tif;Semihybrida
IRHT_P_000464.tif;Semihybrida
IRHT_P_000467.tif;Semihybrida
IRHT_P_000484.tif;Semihybrida
IRHT_P_000485.tif;Semihybrida
IRHT_P_000502.tif;Semihybrida
IRHT_P_000564.tif;Semihybrida
IRHT_P_000589.tif;Semihybrida
IRHT_P_000590.tif;Semihybrida
IRHT_P_000688.tif;Semihybrida
IRHT_P_000695.tif;Semihybrida
IRHT_P_000744.tif;Semihybrida
IRHT_P_000805.tif;Semihybrida
IRHT_P_000828.tif;Semihybrida
IRHT_P_000829.tif;Semihybrida
IRHT_P_000830.tif;Semihybrida
IRHT_P_000831.tif;Semihybrida
IRHT_P_000832.tif;Semihybrida
IRHT_P_000833.tif;Semihybrida
IRHT_P_000914.tif;Semihybrida
IRHT_P_000929.tif;Semihybrida
IRHT_P_000930.tif;Semihybrida
IRHT_P_000931.tif;Semihybrida
IRHT_P_000937.tif;Semihybrida
IRHT_P_000987.tif;Semihybrida
IRHT_P_000988.tif;Semihybrida
IRHT_P_000991.tif;Semihybrida
IRHT_P_001001.tif;Semihybrida
IRHT_P_001005.tif;Semihybrida
IRHT_P_001043.tif;Semihybrida
IRHT_P_001048.tif;Semihybrida
IRHT_P_001092.tif;Semihybrida
IRHT_P_001103.tif;Semihybrida
IRHT_P_001105.tif;Semihybrida
IRHT_P_001133.tif;Semihybrida
IRHT_P_001138.tif;Semihybrida
IRHT_P_001240.tif;Semihybrida
IRHT_P_001287.tif;Semihybrida
IRHT_P_001804.tif;Semihybrida
IRHT_P_001807.tif;Semihybrida
IRHT_P_001810.tif;Semihybrida
IRHT_P_001819.tif;Semihybrida
IRHT_P_001820.tif;Semihybrida
IRHT_P_001927.tif;Semihybrida
IRHT_P_001959.tif;Semihybrida
IRHT_P_001984.tif;Semihybrida
IRHT_P_001985.tif;Semihybrida
IRHT_P_002044.tif;Semihybrida
IRHT_P_002071.tif;Semihybrida
IRHT_P_002077.tif;Semihybrida
IRHT_P_002078.tif;Semihybrida
IRHT_P_002079.tif;Semihybrida
IRHT_P_002085.tif;Semihybrida
IRHT_P_002162.tif;Semihybrida
IRHT_P_002166.tif;Semihybrida
IRHT_P_002203.tif;Semihybrida
IRHT_P_002224.tif;Semihybrida
IRHT_P_002257.tif;Semihybrida
IRHT_P_002358.tif;Semihybrida
IRHT_P_002359.tif;Semihybrida
IRHT_P_002370.tif;Semihybrida
IRHT_P_002403.tif;Semihybrida
IRHT_P_002785.tif;Semihybrida
IRHT_P_002834.tif;Semihybrida
IRHT_P_002857.tif;Semihybrida
IRHT_P_003022.tif;Semihybrida
IRHT_P_003160.tif;Semihybrida
IRHT_P_003347.tif;Semihybrida
IRHT_P_003399.tif;Semihybrida
IRHT_P_003427.tif;Semihybrida
IRHT_P_003435.tif;Semihybrida
IRHT_P_003442.tif;Semihybrida
IRHT_P_004802.tif;Semihybrida
IRHT_P_004835.tif;Semihybrida
IRHT_P_004848.tif;Semihybrida
IRHT_P_004881.tif;Semihybrida
IRHT_P_005192.tif;Semihybrida
IRHT_P_005241.tif;Semihybrida
IRHT_P_005282.tif;Semihybrida
IRHT_P_005487.tif;Semihybrida
IRHT_P_005680.tif;Semihybrida
IRHT_P_005681.tif;Semihybrida
IRHT_P_005682.tif;Semihybrida
IRHT_P_005684.tif;Semihybrida
IRHT_P_005685.tif;Semihybrida
IRHT_P_005924.tif;Semihybrida
IRHT_P_005925.tif;Semihybrida
IRHT_P_005960.tif;Semihybrida
IRHT_P_005979.tif;Semihybrida
IRHT_P_005987.tif;Semihybrida
IRHT_P_005988.tif;Semihybrida
IRHT_P_006168.tif;Semihybrida
IRHT_P_006169.tif;Semihybrida
IRHT_P_006250.tif;Semihybrida
IRHT_P_006251.tif;Semihybrida
IRHT_P_006338.tif;Semihybrida
IRHT_P_006339.tif;Semihybrida
IRHT_P_006382.tif;Semihybrida
IRHT_P_006600.tif;Semihybrida
IRHT_P_006711.tif;Semihybrida
IRHT_P_006721.tif;Semihybrida
IRHT_P_006726.tif;Semihybrida
IRHT_P_006733.tif;Semihybrida
IRHT_P_006740.tif;Semihybrida
IRHT_P_006741.tif;Semihybrida
IRHT_P_006768.tif;Semihybrida
IRHT_P_006813.tif;Semihybrida
IRHT_P_006851.tif;Semihybrida
IRHT_P_006878.tif;Semihybrida
IRHT_P_006879.tif;Semihybrida
IRHT_P_006914.tif;Semihybrida
IRHT_P_006922.tif;Semihybrida
IRHT_P_006924.tif;Semihybrida
IRHT_P_007183.tif;Semihybrida
IRHT_P_007189.tif;Semihybrida
IRHT_P_007196.tif;Semihybrida
IRHT_P_007280.tif;Semihybrida
IRHT_P_007470.tif;Semihybrida
IRHT_P_007475.tif;Semihybrida
IRHT_P_007726.tif;Semihybrida
IRHT_P_007796.tif;Semihybrida
IRHT_P_008032.tif;Semihybrida
IRHT_P_008129.tif;Semihybrida
IRHT_P_008211.tif;Semihybrida
IRHT_P_008220.tif;Semihybrida
IRHT_P_008286.tif;Semihybrida
IRHT_P_008303.tif;Semihybrida
IRHT_P_008324.tif;Semihybrida
IRHT_P_008625.tif;Semihybrida
IRHT_P_008643.tif;Semihybrida
IRHT_P_008845.tif;Semihybrida
IRHT_P_008906.tif;Semihybrida
IRHT_P_008907.tif;Semihybrida
IRHT_P_008918.tif;Semihybrida
IRHT_P_008929.tif;Semihybrida
IRHT_P_008943.tif;Semihybrida
IRHT_P_008970.tif;Semihybrida
IRHT_P_008991.tif;Semihybrida
IRHT_P_009009.tif;Semihybrida
IRHT_P_009115.tif;Semihybrida
IRHT_P_009210.tif;Semihybrida
IRHT_P_009223.tif;Semihybrida
IRHT_P_009256.tif;Semihybrida
IRHT_P_009285.tif;Semihybrida
IRHT_P_009347.tif;Semihybrida
IRHT_P_009365.tif;Semihybrida
IRHT_P_009375.tif;Semihybrida
IRHT_P_009378.tif;Semihybrida
IRHT_P_009806.tif;Semihybrida
IRHT_P_000002.tif;Semitextualis
IRHT_P_000003.tif;Semitextualis
IRHT_P_000106.tif;Semitextualis
IRHT_P_000153.tif;Semitextualis
IRHT_P_000197.tif;Semitextualis
IRHT_P_000209.tif;Semitextualis
IRHT_P_000240.tif;Semitextualis
IRHT_P_000241.tif;Semitextualis
IRHT_P_000258.tif;Semitextualis
IRHT_P_000267.tif;Semitextualis
IRHT_P_000271.tif;Semitextualis
IRHT_P_000389.tif;Semitextualis
IRHT_P_000572.tif;Semitextualis
IRHT_P_000585.tif;Semitextualis
IRHT_P_000592.tif;Semitextualis
IRHT_P_000619.tif;Semitextualis
IRHT_P_000620.tif;Semitextualis
IRHT_P_000770.tif;Semitextualis
IRHT_P_000980.tif;Semitextualis
IRHT_P_000999.tif;Semitextualis
IRHT_P_001082.tif;Semitextualis
IRHT_P_001119.tif;Semitextualis
IRHT_P_001120.tif;Semitextualis
IRHT_P_001705.tif;Semitextualis
IRHT_P_001729.tif;Semitextualis
IRHT_P_001730.tif;Semitextualis
IRHT_P_001731.tif;Semitextualis
IRHT_P_001736.tif;Semitextualis
IRHT_P_001795.tif;Semitextualis
IRHT_P_001796.tif;Semitextualis
IRHT_P_001809.tif;Semitextualis
IRHT_P_001838.tif;Semitextualis
IRHT_P_001839.tif;Semitextualis
IRHT_P_001990.tif;Semitextualis
IRHT_P_001991.tif;Semitextualis
IRHT_P_002027.tif;Semitextualis
IRHT_P_002125.tif;Semitextualis
IRHT_P_002200.tif;Semitextualis
IRHT_P_002201.tif;Semitextualis
IRHT_P_002267.tif;Semitextualis
IRHT_P_002287.tif;Semitextualis
IRHT_P_002302.tif;Semitextualis
IRHT_P_002336.tif;Semitextualis
IRHT_P_002751.tif;Semitextualis
IRHT_P_002859.tif;Semitextualis
IRHT_P_002860.tif;Semitextualis
IRHT_P_002948.tif;Semitextualis
IRHT_P_003046.tif;Semitextualis
IRHT_P_003494.tif;Semitextualis
IRHT_P_003553.tif;Semitextualis
IRHT_P_003602.tif;Semitextualis
IRHT_P_003603.tif;Semitextualis
IRHT_P_003611.tif;Semitextualis
IRHT_P_003612.tif;Semitextualis
IRHT_P_003622.tif;Semitextualis
IRHT_P_003623.tif;Semitextualis
IRHT_P_003651.tif;Semitextualis
IRHT_P_003652.tif;Semitextualis
IRHT_P_003654.tif;Semitextualis
IRHT_P_003658.tif;Semitextualis
IRHT_P_003678.tif;Semitextualis
IRHT_P_003702.tif;Semitextualis
IRHT_P_004234.tif;Semitextualis
IRHT_P_004245.tif;Semitextualis
IRHT_P_004618.tif;Semitextualis
IRHT_P_004622.tif;Semitextualis
IRHT_P_004625.tif;Semitextualis
IRHT_P_004738.tif;Semitextualis
IRHT_P_004814.tif;Semitextualis
IRHT_P_004869.tif;Semitextualis
IRHT_P_004918.tif;Semitextualis
IRHT_P_004924.tif;Semitextualis
IRHT_P_004934.tif;Semitextualis
IRHT_P_004944.tif;Semitextualis
IRHT_P_004949.tif;Semitextualis
IRHT_P_004950.tif;Semitextualis
IRHT_P_004991.tif;Semitextualis
IRHT_P_004992.tif;Semitextualis
IRHT_P_004994.tif;Semitextualis
IRHT_P_004996.tif;Semitextualis
IRHT_P_004997.tif;Semitextualis
IRHT_P_005000.tif;Semitextualis
IRHT_P_005004.tif;Semitextualis
IRHT_P_005167.tif;Semitextualis
IRHT_P_005168.tif;Semitextualis
IRHT_P_005169.tif;Semitextualis
IRHT_P_005177.tif;Semitextualis
IRHT_P_005196.tif;Semitextualis
IRHT_P_005240.tif;Semitextualis
IRHT_P_005286.tif;Semitextualis
IRHT_P_005297.tif;Semitextualis
IRHT_P_005300.tif;Semitextualis
IRHT_P_005461.tif;Semitextualis
IRHT_P_005578.tif;Semitextualis
IRHT_P_005628.tif;Semitextualis
IRHT_P_005629.tif;Semitextualis
IRHT_P_005674.tif;Semitextualis
IRHT_P_005706.tif;Semitextualis
IRHT_P_005911.tif;Semitextualis
IRHT_P_005912.tif;Semitextualis
IRHT_P_006096.tif;Semitextualis
IRHT_p_006097.tif;Semitextualis
IRHT_P_006326.tif;Semitextualis
IRHT_P_006327.tif;Semitextualis
IRHT_P_006328.tif;Semitextualis
IRHT_P_006378.tif;Semitextualis
IRHT_P_006415.tif;Semitextualis
IRHT_P_006475.tif;Semitextualis
IRHT_P_006519.tif;Semitextualis
IRHT_P_006603.tif;Semitextualis
IRHT_P_006639.tif;Semitextualis
IRHT_P_006640.tif;Semitextualis
IRHT_P_006680.tif;Semitextualis
IRHT_P_006702.tif;Semitextualis
IRHT_P_006718.tif;Semitextualis
IRHT_P_006719.tif;Semitextualis
IRHT_P_006757.tif;Semitextualis
IRHT_P_006825.tif;Semitextualis
IRHT_P_006826.tif;Semitextualis
IRHT_P_006827.tif;Semitextualis
IRHT_P_006832.tif;Semitextualis
IRHT_P_006833.tif;Semitextualis
IRHT_P_006834.tif;Semitextualis
IRHT_P_006835.tif;Semitextualis
IRHT_P_006881.tif;Semitextualis
IRHT_P_006902.tif;Semitextualis
IRHT_P_006903.tif;Semitextualis
IRHT_P_006904.tif;Semitextualis
IRHT_P_006951.tif;Semitextualis
IRHT_P_006952.tif;Semitextualis
IRHT_P_007003.tif;Semitextualis
IRHT_P_007014.tif;Semitextualis
IRHT_P_007054.tif;Semitextualis
IRHT_P_007055.tif;Semitextualis
IRHT_P_007056.tif;Semitextualis
IRHT_P_007069.tif;Semitextualis
IRHT_P_007077.tif;Semitextualis
IRHT_P_007110.tif;Semitextualis
IRHT_P_007111.tif;Semitextualis
IRHT_P_007124.tif;Semitextualis
IRHT_P_007151.tif;Semitextualis
IRHT_P_007182.tif;Semitextualis
IRHT_P_007226.tif;Semitextualis
IRHT_P_007227.tif;Semitextualis
IRHT_P_007228.tif;Semitextualis
IRHT_P_007236.tif;Semitextualis
IRHT_P_007285.tif;Semitextualis
IRHT_P_007305.tif;Semitextualis
IRHT_P_007381.tif;Semitextualis
IRHT_P_007466.tif;Semitextualis
IRHT_P_007482.tif;Semitextualis
IRHT_P_007488.tif;Semitextualis
IRHT_P_007522.tif;Semitextualis
IRHT_P_007536.tif;Semitextualis
IRHT_P_007629.tif;Semitextualis
IRHT_P_007663.tif;Semitextualis
IRHT_P_007685.tif;Semitextualis
IRHT_P_007688.tif;Semitextualis
IRHT_P_007753.tif;Semitextualis
IRHT_P_007791.tif;Semitextualis
IRHT_P_007860.tif;Semitextualis
IRHT_P_007939.tif;Semitextualis
IRHT_P_007940.tif;Semitextualis
IRHT_P_008959.tif;Semitextualis
IRHT_P_009262.tif;Semitextualis
IRHT_P_009767.tif;Semitextualis
IRHT_P_009802.tif;Semitextualis
IRHT_P_000005.tif;Textualis
IRHT_P_000008.tif;Textualis
IRHT_P_000013.tif;Textualis
IRHT_P_000016.tif;Textualis
IRHT_P_000021.tif;Textualis
IRHT_P_000033.tif;Textualis
IRHT_P_000034.tif;Textualis
IRHT_P_000035.tif;Textualis
IRHT_P_000036.tif;Textualis
IRHT_P_000037.tif;Textualis
IRHT_P_000038.tif;Textualis
IRHT_P_000039.tif;Textualis
IRHT_P_000040.tif;Textualis
IRHT_P_000042.tif;Textualis
IRHT_P_000046.tif;Textualis
IRHT_P_000048.tif;Textualis
IRHT_P_000050.tif;Textualis
IRHT_P_000053.tif;Textualis
IRHT_P_000054.tif;Textualis
IRHT_P_000061.tif;Textualis
IRHT_P_000066.tif;Textualis
IRHT_P_000067.tif;Textualis
IRHT_P_000072.tif;Textualis
IRHT_P_000079.tif;Textualis
IRHT_P_000082.tif;Textualis
IRHT_P_000086.tif;Textualis
IRHT_P_000092.tif;Textualis
IRHT_P_000101.tif;Textualis
IRHT_P_000103.tif;Textualis
IRHT_P_000125.tif;Textualis
IRHT_P_000129.tif;Textualis
IRHT_P_000134.tif;Textualis
IRHT_P_000136.tif;Textualis
IRHT_P_000142.tif;Textualis
IRHT_P_000143.tif;Textualis
IRHT_P_000147.tif;Textualis
IRHT_P_000158.tif;Textualis
IRHT_P_000160.tif;Textualis
IRHT_P_000166.tif;Textualis
IRHT_P_000167.tif;Textualis
IRHT_P_000168.tif;Textualis
IRHT_P_000183.tif;Textualis
IRHT_P_000186.tif;Textualis
IRHT_P_000190.tif;Textualis
IRHT_P_000205.tif;Textualis
IRHT_P_000211.tif;Textualis
IRHT_P_000214.tif;Textualis
IRHT_P_000242.tif;Textualis
IRHT_P_000254.tif;Textualis
IRHT_P_000261.tif;Textualis
IRHT_P_000278.tif;Textualis
IRHT_P_000279.tif;Textualis
IRHT_P_000282.tif;Textualis
IRHT_P_000283.tif;Textualis
IRHT_P_000285.tif;Textualis
IRHT_P_000297.tif;Textualis
IRHT_P_000301.tif;Textualis
IRHT_P_000302.tif;Textualis
IRHT_P_000305.tif;Textualis
IRHT_P_000308.tif;Textualis
IRHT_P_000319.tif;Textualis
IRHT_P_000320.tif;Textualis
IRHT_P_000321.tif;Textualis
IRHT_P_000323.tif;Textualis
IRHT_P_000334.tif;Textualis
IRHT_P_000337.tif;Textualis
IRHT_P_002249.tif;Textualis
IRHT_P_002250.tif;Textualis
IRHT_P_002271.tif;Textualis
IRHT_P_004711.tif;Textualis
IRHT_P_004713.tif;Textualis
IRHT_P_004718.tif;Textualis
IRHT_P_004719.tif;Textualis
IRHT_P_004778.tif;Textualis
IRHT_P_004955.tif;Textualis
IRHT_P_004956.tif;Textualis
IRHT_P_005054.tif;Textualis
IRHT_P_005061.tif;Textualis
IRHT_P_005106.tif;Textualis
IRHT_P_005122.tif;Textualis
IRHT_P_005126.tif;Textualis
IRHT_P_005133.tif;Textualis
IRHT_P_005211.tif;Textualis
IRHT_P_005278.tif;Textualis
IRHT_P_005301.tif;Textualis
IRHT_P_005304.tif;Textualis
IRHT_P_005309.tif;Textualis
IRHT_P_005312.tif;Textualis
IRHT_P_005430.tif;Textualis
IRHT_P_005432.tif;Textualis
IRHT_P_005435.tif;Textualis
IRHT_P_005436.tif;Textualis
IRHT_P_005439.tif;Textualis
IRHT_P_005441.tif;Textualis
IRHT_P_005442.tif;Textualis
IRHT_P_005451.tif;Textualis
IRHT_P_005481.tif;Textualis
IRHT_P_005482.tif;Textualis
IRHT_P_005601.tif;Textualis
IRHT_P_005602.tif;Textualis
IRHT_P_005603.tif;Textualis
IRHT_P_005604.tif;Textualis
IRHT_P_005605.tif;Textualis
IRHT_P_005606.tif;Textualis
IRHT_P_005607.tif;Textualis
IRHT_P_005624.tif;Textualis
IRHT_P_005625.tif;Textualis
IRHT_P_005626.tif;Textualis
IRHT_P_005627.tif;Textualis
IRHT_P_005633.tif;Textualis
IRHT_P_005634.tif;Textualis
IRHT_P_005641.tif;Textualis
IRHT_P_005642.tif;Textualis
IRHT_P_005653.tif;Textualis
IRHT_P_005654.tif;Textualis
IRHT_P_005676.tif;Textualis
IRHT_P_005677.tif;Textualis
IRHT_P_005678.tif;Textualis
IRHT_P_005695.tif;Textualis
IRHT_P_005702.tif;Textualis
IRHT_P_005718.tif;Textualis
IRHT_P_005719.tif;Textualis
IRHT_P_005721.tif;Textualis
IRHT_P_005738.tif;Textualis
IRHT_P_005739.tif;Textualis
IRHT_P_005757.tif;Textualis
IRHT_P_005882.tif;Textualis
IRHT_P_005937.tif;Textualis
IRHT_P_005938.tif;Textualis
IRHT_P_005939.tif;Textualis
IRHT_P_005940.tif;Textualis
IRHT_P_005943.tif;Textualis
IRHT_P_005963.tif;Textualis
IRHT_P_005966.tif;Textualis
IRHT_P_005971.tif;Textualis
IRHT_P_005972.tif;Textualis
IRHT_P_005994.tif;Textualis
IRHT_P_005995.tif;Textualis
IRHT_P_005996.tif;Textualis
IRHT_P_006006.tif;Textualis
IRHT_P_006011.tif;Textualis
IRHT_P_006012.tif;Textualis
IRHT_P_006013.tif;Textualis
IRHT_P_006018.tif;Textualis
IRHT_P_006019.tif;Textualis
IRHT_p_006115.tif;Textualis
IRHT_p_006116.tif;Textualis
IRHT_p_006119.tif;Textualis
IRHT_p_006120.tif;Textualis
IRHT_p_006121.tif;Textualis
IRHT_p_006134.tif;Textualis
IRHT_p_006135.tif;Textualis
IRHT_p_006136.tif;Textualis
IRHT_P_006146.tif;Textualis
IRHT_P_006225.tif;Textualis
IRHT_P_006227.tif;Textualis
IRHT_P_006228.tif;Textualis
IRHT_P_006229.tif;Textualis
IRHT_P_006235.tif;Textualis
IRHT_P_006240.tif;Textualis
IRHT_P_006254.tif;Textualis
IRHT_P_006255.tif;Textualis
IRHT_P_006256.tif;Textualis
IRHT_P_006257.tif;Textualis
IRHT_P_006267.tif;Textualis
IRHT_P_006345.tif;Textualis
